Market,Arrival Date,Arrivals (Tonnes),Variety,Minimum Price (Rs./Quintal),Maximum Price (Rs./Quintal),Modal Price (Rs./Quintal)
Achalpur,07/03/2025,0.8,Other,2000,2150,2075
,12/03/2025,9.8,Other,2000,2050,2025
,19/03/2025,2.5,Other,2000,2050,2025
,21/03/2025,5.4,Other,2000,2150,2075
Ahmednagar,01/03/2025,1.8,Other,2100,2150,2125
,03/03/2025,2.4,Other,2000,2100,2050
,06/03/2025,2.4,Other,1700,2100,1900
,,,Other,2250,2250,2250
,08/03/2025,4.2,Other,2000,2100,2050
,10/03/2025,5.6,Other,2000,2150,2075
,,,Other,2700,2700,2700
,12/03/2025,3.8,Other,1900,2200,2050
,18/03/2025,4.2,Other,2000,2050,2025
,19/03/2025,3,Other,1950,2150,2050
,20/03/2025,1.6,Other,2000,2050,2025
,21/03/2025,2,Other,2050,2050,2050
,,,Other,2300,2300,2300
,22/03/2025,2.8,Other,2000,2100,2050
,24/03/2025,3,Other,1800,2050,1925
Akluj,06/03/2025,3.2,Yellow,2250,2250,2250
,07/03/2025,3,Other,2400,2400,2400
,,,Yellow,2380,2400,2400
,22/03/2025,1.1,Yellow,2300,2300,2300
Akola,18/03/2025,0.5,Yellow,1920,1920,1920
,21/03/2025,0.2,Yellow,1950,1950,1950
Amalner,01/03/2025,250,Deshi Red,1711,2200,2200
,03/03/2025,250,Deshi Red,1819,2200,2200
,04/03/2025,150,Deshi Red,1900,2200,2200
,06/03/2025,200,Deshi Red,1700,2165,2165
,07/03/2025,150,Deshi Red,1805,2200,2200
,08/03/2025,30,Deshi Red,1750,2200,2200
,10/03/2025,100,Deshi Red,1795,2211,2211
,11/03/2025,50,Deshi Red,1700,2224,2224
,12/03/2025,100,Deshi Red,1776,2200,2200
,13/03/2025,25,Deshi Red,1836,2124,2124
,15/03/2025,25,Deshi Red,1575,2180,2180
Amarawati,01/03/2025,0.3,Deshi Red,2150,2224,2187
,03/03/2025,0.3,Deshi Red,2100,2224,2162
,04/03/2025,0.3,Deshi Red,2050,2224,2137
,05/03/2025,0.3,Deshi Red,2100,2224,2162
,06/03/2025,0.3,Deshi Red,2100,2224,2162
,07/03/2025,3.6,Deshi Red,2100,2224,2162
,08/03/2025,0.4,Deshi Red,2050,2224,2137
,10/03/2025,0.3,Deshi Red,2050,2224,2137
,11/03/2025,1.1,Deshi Red,2100,2224,2162
,12/03/2025,0.3,Deshi Red,2100,2224,2162
,15/03/2025,0.3,Deshi Red,2050,2224,2137
,17/03/2025,0.3,Deshi Red,2100,2224,2162
,18/03/2025,0.3,Deshi Red,2050,2224,2137
,19/03/2025,0.3,Deshi Red,2100,2224,2162
,20/03/2025,0.3,Deshi Red,2050,2224,2137
,21/03/2025,0.3,Deshi Red,2100,2224,2162
,22/03/2025,0.3,Deshi Red,2225,2300,2262
,24/03/2025,0.3,Deshi Red,2050,2224,2137
,25/03/2025,0.3,Deshi Red,2100,2224,2162
,26/03/2025,0.3,Deshi Red,2100,2224,2162
,27/03/2025,0.3,Deshi Red,2100,2224,2162
Ambad (Vadigodri),10/03/2025,1.4,Deshi Red,1811,1911,1811
,17/03/2025,1.5,Yellow,2036,2036,2036
Baramati,06/03/2025,27.5,Deshi Red,2225,2300,2260
,,,Deshi Red,2000,2224,2200
,10/03/2025,29.2,Deshi Red,2000,2224,2210
,,,Deshi Red,2225,2350,2275
,,,Other,2600,2600,2600
,17/03/2025,30.1,Deshi Red,2050,2224,2150
,,,Deshi Red,2225,2276,2251
,20/03/2025,17.8,Deshi Red,2100,2224,2200
,,,Deshi Red,2225,2311,2251
,,,Other,2000,2000,2000
,24/03/2025,80.9,Deshi Red,2225,2400,2260
,,,Deshi Red,2100,2224,2200
Barshi,01/03/2025,17.6,Other,3050,3050,3050
,07/03/2025,17,Other,3050,3050,3050
,20/03/2025,9.4,Other,2500,3700,3650
,21/03/2025,3,Other,3650,3650,3650
Barshi(Vairag),08/03/2025,15.7,Other,2100,2200,2200
,10/03/2025,2.1,Other,2251,2251,2251
,17/03/2025,5.7,Other,2275,2275,2275
,,,Other,2000,2100,2100
,21/03/2025,8,Other,1800,2200,2000
,24/03/2025,1.6,Other,2245,2245,2245
Beed,03/03/2025,2,Other,2150,2150,2150
,17/03/2025,3.5,Other,2090,2110,2100
,20/03/2025,3.6,Other,2211,2211,2211
,22/03/2025,2.4,Other,2193,2193,2193
,24/03/2025,3,Other,2175,2175,2175
Bhokar,22/03/2025,2.6,Other,2100,2100,2100
Bhokardan,01/03/2025,1.7,Yellow,1800,2150,2100
,08/03/2025,2.9,Yellow,1950,2100,2000
,22/03/2025,4.8,Yellow,1900,2150,2100
Bhokardan(Pimpalgaon Renu),04/03/2025,2.3,Yellow,2000,2100,2050
,11/03/2025,1.9,Yellow,1900,2200,2100
Buldhana,01/03/2025,41.6,Yellow,1650,2200,2000
,02/03/2025,67,Yellow,1750,2220,2000
,03/03/2025,51.2,Yellow,1700,2200,2000
,04/03/2025,47.5,Yellow,1700,2200,2000
,05/03/2025,39,Yellow,1650,2200,2000
,08/03/2025,41.3,Yellow,1600,2200,2000
,09/03/2025,44.3,Yellow,1750,2200,2000
,10/03/2025,139,Yellow,1800,2200,2000
,11/03/2025,55.8,Yellow,1700,2200,2000
,12/03/2025,54,Yellow,1800,2200,2000
,15/03/2025,75.1,Yellow,1600,2200,2000
,16/03/2025,50.7,Yellow,1700,2200,2000
,17/03/2025,28,Yellow,1650,2200,2000
,18/03/2025,33.9,Yellow,1700,2200,2000
,19/03/2025,69.4,Yellow,1700,2200,2000
,22/03/2025,84.3,Yellow,1650,2200,2000
,23/03/2025,58.6,Yellow,1750,2200,2000
,24/03/2025,37.8,Yellow,1700,2200,2000
,25/03/2025,57.1,Yellow,1800,2200,2000
,27/03/2025,46.3,Yellow,1750,2200,2000
Chalisgaon,04/03/2025,185,Yellow,1900,2224,2205
,05/03/2025,215,Yellow,2225,2319,2230
,06/03/2025,200,Yellow,2225,2312,2226
,20/03/2025,345,Yellow,2225,2266,2230
,24/03/2025,430,Yellow,2225,2251,2227
,25/03/2025,510,Yellow,1700,2220,2100
,26/03/2025,380.2,Yellow,2225,2261,2225
,27/03/2025,400,Yellow,2225,2231,2225
Chandur Bazar,04/03/2025,5,Other,2000,2220,2150
Chandvad,05/03/2025,19.3,Other,2300,2400,2350
,06/03/2025,4.3,Other,2001,2220,2200
,07/03/2025,5.2,Other,2225,2299,2230
,08/03/2025,12,Other,2031,2224,2200
,11/03/2025,7.8,Other,2225,2350,2250
,12/03/2025,8.2,Other,2225,2326,2250
,20/03/2025,5.1,Other,2121,2161,2140
,21/03/2025,16.2,Other,2141,2224,2200
,25/03/2025,7.1,Other,2040,2224,2180
,26/03/2025,3.9,Other,2040,2224,2180
Chattrapati Sambhajinagar,01/03/2025,3,Yellow,1890,2100,1995
,03/03/2025,7.6,Yellow,2100,2100,2100
,,,Yellow,2225,2226,2226
,04/03/2025,7.2,Yellow,1800,2011,1906
,05/03/2025,3.6,Yellow,1500,2000,1750
,06/03/2025,3.8,Yellow,1925,1925,1925
,07/03/2025,9.8,Yellow,2000,2206,2103
,,,Yellow,2281,2281,2281
,08/03/2025,5.3,Yellow,1750,2050,1900
,,,Yellow,2261,2261,2261
,10/03/2025,7.3,Yellow,1800,2199,2000
,11/03/2025,6.6,Yellow,1715,2175,1945
,12/03/2025,7.8,Yellow,2100,2100,2100
,13/03/2025,5.7,Yellow,1500,2141,1820
,15/03/2025,4.4,Yellow,2100,2161,2130
,17/03/2025,1.1,Yellow,2100,2100,2100
,18/03/2025,2.3,Yellow,2020,2020,2020
,,,Yellow,2240,2240,2240
,19/03/2025,20,Yellow,1900,2155,2028
,21/03/2025,6.6,Yellow,1940,2166,2053
,24/03/2025,7,Yellow,2163,2163,2163
,27/03/2025,8.2,Yellow,2000,2132,2066
Chopada,03/03/2025,12,Yellow,1800,2100,1900
,04/03/2025,15,Yellow,1900,2142,2000
,05/03/2025,20,Yellow,1900,1952,1900
,06/03/2025,25,Yellow,1800,2011,1800
,07/03/2025,24,Yellow,1800,2132,1921
,10/03/2025,15,Yellow,1801,1854,1820
,11/03/2025,20,Yellow,1825,1876,1850
,12/03/2025,20,Yellow,1766,2100,1936
,17/03/2025,15,Yellow,2031,2151,2031
,18/03/2025,12,Yellow,2002,2061,2002
,19/03/2025,6,Yellow,2025,2082,2025
,20/03/2025,24,Yellow,1992,2135,2082
,21/03/2025,30,Yellow,2082,2101,2082
,24/03/2025,30,Yellow,1726,2161,1901
Deoulgaon Raja,03/03/2025,2.5,Yellow,1700,1700,1700
,04/03/2025,2.5,Yellow,1600,1600,1600
,07/03/2025,10,Yellow,1700,2100,2100
,11/03/2025,10.1,Yellow,1700,2000,2000
,12/03/2025,17.5,Yellow,1700,1900,1900
,15/03/2025,6,Yellow,1700,1875,1875
,17/03/2025,15,Yellow,1700,2000,2000
,18/03/2025,5.5,Yellow,1925,1925,1925
,19/03/2025,10,Yellow,1800,1800,1800
,20/03/2025,30,Yellow,1900,1900,1900
,21/03/2025,30,Yellow,1900,2011,2011
,22/03/2025,15,Yellow,1900,1900,1900
,24/03/2025,10,Yellow,1900,1900,1900
,25/03/2025,15,Yellow,1900,1900,1900
,27/03/2025,10,Yellow,1900,1900,1900
Devala,04/03/2025,0.4,Yellow,2230,2245,2240
,07/03/2025,3.2,Yellow,2250,2250,2250
,10/03/2025,6.6,Yellow,2225,2270,2250
,17/03/2025,14.6,Yellow,2230,2265,2250
,25/03/2025,3,Yellow,2260,2260,2260
,26/03/2025,6,Yellow,2225,2305,2245
Dharangaon,18/03/2025,6,Yellow,1850,2176,2075
,20/03/2025,52.4,Yellow,1800,2150,2050
,22/03/2025,95,Yellow,1800,2150,2000
,24/03/2025,27,Yellow,2000,2211,2100
,25/03/2025,174.6,Yellow,1720,2210,2100
Dharni,25/03/2025,30,Yellow,2000,2100,2050
Dhule,01/03/2025,21.5,Yellow,1705,1887,1785
,03/03/2025,13.6,Yellow,1505,2179,1870
,04/03/2025,21.5,Yellow,1650,2031,1800
,05/03/2025,9.6,Yellow,2225,2227,2227
,,,Yellow,1700,2224,1950
,06/03/2025,29.7,Yellow,1685,2150,2081
,07/03/2025,4.7,Yellow,2050,2130,2130
,08/03/2025,1.3,Yellow,1976,2170,2170
,10/03/2025,3.8,Yellow,2225,2230,2225
,,,Yellow,1650,2200,2100
,11/03/2025,24.3,Yellow,1975,2224,2070
,,,Yellow,2225,2276,2275
,12/03/2025,12.7,Yellow,2225,2250,2225
,,,Yellow,1775,2224,2050
,13/03/2025,9.4,Yellow,2085,2180,2085
,15/03/2025,8.3,Yellow,1800,2200,2131
,17/03/2025,25.5,Yellow,1855,2200,1965
,18/03/2025,14.3,Yellow,1966,2220,2000
,19/03/2025,11.6,Yellow,1900,2101,2052
,20/03/2025,28.8,Yellow,2225,2260,2225
,,,Yellow,1780,2224,2050
,22/03/2025,43.3,Yellow,2225,2250,2230
,,,Yellow,1800,2224,2165
,24/03/2025,2.3,Yellow,1800,2224,2095
,,,Yellow,2225,2235,2235
,25/03/2025,44.4,Yellow,1925,2224,2090
,,,Yellow,2225,2280,2280
,26/03/2025,33.5,Yellow,1815,2224,2180
,27/03/2025,18.4,Yellow,1825,2224,2130
,,,Yellow,2225,2275,2250
Dondaicha,03/03/2025,11.9,Yellow,1795,2175,2000
,04/03/2025,33.3,Yellow,1817,2211,2000
,06/03/2025,7.9,Yellow,1900,2216,2100
,07/03/2025,36.1,Yellow,1875,2211,2175
,10/03/2025,19.4,Yellow,1801,2224,2170
,11/03/2025,38.9,Yellow,1841,2150,2000
,12/03/2025,8.5,Yellow,1850,2049,1900
,17/03/2025,11.8,Yellow,1750,2200,2000
,18/03/2025,23.6,Yellow,1551,2224,2150
,19/03/2025,32.6,Yellow,2081,2216,2100
,21/03/2025,2.6,Yellow,1900,2121,1900
,24/03/2025,34.6,Yellow,1900,2200,2140
,25/03/2025,56.9,Yellow,1985,2195,1985
Dound,23/03/2025,0.3,Deshi Red,2100,2100,2100
Dudhani,10/03/2025,0.2,Other,2320,2320,2320
,20/03/2025,0.5,Other,2300,2300,2300
,21/03/2025,2,Other,2300,2355,2355
Fulmbri,15/03/2025,43.5,Other,2250,2325,2275
,17/03/2025,53.1,Other,2250,2325,2280
,18/03/2025,43.8,Other,2250,2325,2275
,19/03/2025,41.8,Other,2250,2350,2275
,21/03/2025,55.4,Other,1950,2200,2125
Gevrai,26/03/2025,0.5,Deshi Red,1800,1800,1800
Indapur,10/03/2025,86.6,Deshi Red,2100,2200,2200
,,,Deshi Red,2251,2345,2251
Jalana,01/03/2025,99.4,Deshi Red,1475,2204,1850
,03/03/2025,72.3,Deshi Red,1665,2175,1900
,04/03/2025,131.4,Deshi Red,1700,2150,1825
,05/03/2025,132.3,Deshi Red,1760,2174,1950
,06/03/2025,97.2,Deshi Red,1650,2200,1850
,07/03/2025,92,Deshi Red,1851,2175,1925
,,,Deshi White,2900,2900,2900
,08/03/2025,89.2,Deshi Red,1800,2212,1975
,10/03/2025,163.2,Deshi Red,1750,2175,1950
,11/03/2025,76.6,Deshi Red,1740,2126,1951
,12/03/2025,127.8,Deshi Red,1700,2140,1950
,15/03/2025,52.4,Deshi Red,1871,2158,1921
,17/03/2025,159,Deshi Red,1825,2211,1972
,18/03/2025,135.1,Deshi Red,1700,2211,1950
,19/03/2025,212.7,Deshi Red,1800,2200,1975
,20/03/2025,178.1,Deshi Red,1875,2190,1975
,21/03/2025,182.8,Deshi Red,1900,2020,2020
,,,Deshi Red,2250,2250,2250
,22/03/2025,141.3,Deshi Red,1800,2200,2050
,24/03/2025,220.7,Deshi Red,1800,2200,2040
,25/03/2025,187.8,Deshi Red,1911,2200,2050
,26/03/2025,108.7,Deshi Red,1911,2185,2040
,27/03/2025,106.7,Deshi Red,1951,2200,2050
Jalgaon,08/03/2025,4,Deshi Red,1711,1711,1711
,22/03/2025,2.7,Deshi Red,1875,1875,1875
Jalgaon Jamod(Aasalgaon),25/03/2025,5,Yellow,1800,2000,1900
Jalgaon(Masawat),01/03/2025,7.2,Deshi Red,1850,1900,1875
,07/03/2025,2.2,Deshi Red,1900,1900,1900
,11/03/2025,1.4,Deshi Red,1985,1985,1985
,12/03/2025,2.5,Deshi Red,1900,1900,1900
,21/03/2025,6.2,Deshi Red,2050,2100,2075
,22/03/2025,27.7,Deshi Red,1850,1900,1875
,24/03/2025,6,Deshi Red,1900,2050,1975
,25/03/2025,5,Deshi Red,1835,1835,1835
,26/03/2025,4.5,Deshi Red,1900,1900,1900
Jamkhed,03/03/2025,0.8,Other,2000,2100,2050
,04/03/2025,1.6,Other,2000,2200,2100
,07/03/2025,0.9,Other,1800,2000,1900
,08/03/2025,1.1,Other,2000,2200,2100
,10/03/2025,2.5,Other,2100,2200,2150
,11/03/2025,4.1,Other,2000,2200,2100
,17/03/2025,0.3,Other,1900,2100,2000
,20/03/2025,0.9,Other,1900,2100,2000
,21/03/2025,0.2,Other,2000,2200,2100
,22/03/2025,4.3,Other,1900,2100,2000
,24/03/2025,1,Other,1800,2000,1900
,25/03/2025,2.5,Other,2000,2100,2050
Jaykissan Krushi Uttpan Khajgi Bazar,05/03/2025,0.73,Yellow,1785,1785,1785
,07/03/2025,2.82,Yellow,1950,1950,1950
,11/03/2025,2.05,Yellow,1810,1810,1810
,15/03/2025,4.69,Yellow,2050,2121,2114
,17/03/2025,8.25,Yellow,1700,2050,2004
,20/03/2025,6.66,Yellow,1700,2050,1871
,21/03/2025,3.66,Yellow,1625,1825,1736
,22/03/2025,6.29,Yellow,1700,1900,1775
,25/03/2025,5.69,Yellow,1850,2000,1949
,26/03/2025,12.62,Yellow,1700,2075,1929
Kada,06/03/2025,6.2,Yellow,2230,2300,2250
Kalamb (Dharashiv),25/03/2025,0.2,Deshi Red,2251,2251,2251
Kalvan,03/03/2025,17.5,Other,2251,2321,2271
,04/03/2025,10,Other,2251,2311,2275
,07/03/2025,15.5,Other,2241,2301,2271
,10/03/2025,12,Other,2251,2301,2275
,11/03/2025,5,Other,2275,2275,2275
,17/03/2025,17.5,Other,2251,2311,2275
,18/03/2025,15,Other,2251,2301,2275
,19/03/2025,10,Other,2271,2271,2271
,20/03/2025,10,Other,2275,2275,2275
,21/03/2025,12,Other,2275,2301,2275
,24/03/2025,10,Other,2251,2301,2275
,25/03/2025,12,Other,2250,2311,2275
Karjat,01/03/2025,47,Yellow,2300,2300,2300
,,,Yellow,2000,2220,2150
,02/03/2025,20,Yellow,2000,2220,2150
,,,Yellow,2300,2300,2300
,03/03/2025,28.4,Yellow,2000,2220,2150
,,,Yellow,2300,2300,2300
,05/03/2025,36.7,Yellow,2300,2300,2300
,,,Yellow,2000,2220,2150
,06/03/2025,30.2,Yellow,2300,2300,2300
,,,Yellow,2000,2220,2150
,07/03/2025,36.2,Yellow,2300,2300,2300
,,,Yellow,2000,2220,2150
,08/03/2025,27.9,Yellow,2300,2300,2300
,,,Yellow,2000,2220,2150
,09/03/2025,35.3,Yellow,2000,2220,2150
,,,Yellow,2300,2300,2300
,10/03/2025,8.2,Yellow,2300,2300,2300
,,,Yellow,2000,2220,2150
,11/03/2025,49.9,Yellow,2000,2220,2150
,12/03/2025,44.8,Yellow,2000,2220,2150
,13/03/2025,34.3,Yellow,2000,2220,2150
,,,Yellow,2300,2300,2300
,14/03/2025,35.8,Yellow,2000,2220,2150
,,,Yellow,2300,2300,2300
,15/03/2025,19.7,Yellow,2000,2220,2150
,,,Yellow,2300,2300,2300
,16/03/2025,34.1,Yellow,2000,2220,2150
,,,Yellow,2300,2300,2300
,17/03/2025,12.3,Yellow,2300,2300,2300
,,,Yellow,2000,2220,2150
,18/03/2025,49,Yellow,2000,2220,2150
,,,Yellow,2250,2250,2250
,19/03/2025,48.7,Yellow,2250,2250,2250
,,,Yellow,2000,2220,2150
,20/03/2025,31.5,Yellow,2000,2220,2150
,,,Yellow,2300,2300,2300
,21/03/2025,23.3,Yellow,2250,2250,2250
,,,Yellow,2000,2220,2150
,22/03/2025,39.3,Yellow,2000,2220,2150
,,,Yellow,2300,2300,2300
,23/03/2025,39,Yellow,2000,2220,2150
,,,Yellow,2300,2300,2300
,24/03/2025,18.1,Yellow,2300,2300,2300
,,,Yellow,2000,2220,2150
,26/03/2025,39,Yellow,2000,2220,2150
,,,Yellow,2300,2300,2300
,27/03/2025,24.7,Yellow,2000,2220,2150
,,,Yellow,2300,2300,2300
Karmala,03/03/2025,19,Other,2225,2251,2225
,,,Other,2000,2200,2151
,04/03/2025,1.7,Other,2251,2251,2251
,07/03/2025,11.3,Other,2225,2275,2251
,,,Other,2100,2221,2151
,10/03/2025,5.7,Other,1900,2200,2151
,11/03/2025,3.3,Other,2225,2251,2225
,,,Other,2000,2151,2100
,12/03/2025,2.3,Other,2100,2135,2135
,17/03/2025,7.6,Other,2251,2251,2251
,,,Other,2025,2200,2151
,18/03/2025,5.3,Other,2051,2211,2151
,,,Other,2225,2231,2225
,20/03/2025,1.9,Other,2000,2151,2100
,,,Other,2240,2240,2240
,21/03/2025,7.1,Other,2051,2201,2100
,24/03/2025,7.9,Other,1800,2200,2151
,25/03/2025,10.3,Other,2225,2251,2225
,,,Other,1975,2202,2100
,26/03/2025,7.3,Other,2131,2175,2151
,27/03/2025,10.4,Other,2275,2275,2275
,,,Other,2000,2200,2151
Katol,02/03/2025,1.5,Other,2341,2341,2341
,06/03/2025,0.5,Other,2150,2150,2150
,25/03/2025,10.5,Other,2100,2125,2125
Khamgaon,03/03/2025,4.5,Deshi Red,1760,1811,1786
,04/03/2025,5,Deshi Red,1765,1765,1765
,05/03/2025,4,Deshi Red,1635,1635,1635
,06/03/2025,4,Deshi Red,1755,1755,1755
,07/03/2025,3,Deshi Red,1950,1950,1950
,12/03/2025,4,Deshi Red,2000,2000,2000
,15/03/2025,3.5,Deshi Red,2040,2040,2040
,17/03/2025,7.5,Deshi Red,1825,2085,1955
,18/03/2025,5,Deshi Red,1740,2000,1870
,20/03/2025,7.5,Deshi Red,1830,2075,1952
,21/03/2025,2.5,Deshi Red,2060,2060,2060
,24/03/2025,8.5,Deshi Red,1790,2200,1995
,25/03/2025,5.5,Deshi Red,1710,2065,1888
Kopargaon,01/03/2025,11,Other,2001,2200,2080
,03/03/2025,2.3,Other,1786,2216,1900
,04/03/2025,5,Other,1871,2101,2000
,05/03/2025,4.7,Other,1960,2183,2181
,06/03/2025,5.1,Other,1818,2200,2178
,07/03/2025,3,Other,2123,2123,2123
,08/03/2025,3.2,Other,1502,2000,1842
,10/03/2025,4,Other,2127,2127,2127
,11/03/2025,4.2,Other,1890,2175,2152
,12/03/2025,0.2,Other,2150,2150,2150
,15/03/2025,2,Other,1975,2091,2020
,17/03/2025,0.2,Other,1975,1975,1975
,18/03/2025,4,Other,1818,2159,2050
,19/03/2025,5.2,Other,1971,2110,1976
,21/03/2025,1.3,Other,1950,2051,2000
,25/03/2025,1,Other,2191,2191,2191
Kurdwadi,03/03/2025,14.2,Other,2000,2000,2000
,,,Other,2250,2250,2250
,06/03/2025,5.4,Other,2250,2250,2250
,,,Other,2100,2100,2100
,17/03/2025,4.7,Other,2350,2350,2350
,,,Other,2210,2210,2210
,19/03/2025,13.5,Other,2175,2175,2175
,,,Other,2350,2350,2350
,21/03/2025,4.2,Other,2225,2311,2265
,23/03/2025,6,Other,2225,2301,2263
,,,Other,1901,1901,1901
,24/03/2025,20.2,Other,2180,2180,2180
,,,Other,2301,2301,2301
Kurdwadi(Modnimb),03/03/2025,35,Deshi Red,2225,2321,2250
,,,Deshi Red,2150,2222,2180
,06/03/2025,23.9,Deshi Red,2225,2327,2250
,,,Deshi Red,1951,2215,2190
,10/03/2025,44.8,Deshi Red,2225,2339,2290
,,,Deshi Red,2040,2221,2159
,13/03/2025,32.7,Deshi Red,2000,2221,2100
,,,Deshi Red,2231,2310,2250
,17/03/2025,30,Deshi Red,2000,2220,2110
,,,Deshi Red,2225,2310,2280
,20/03/2025,28,Deshi Red,2225,2300,2280
,,,Deshi Red,1900,2212,2150
,24/03/2025,41.8,Deshi Red,2225,2280,2260
,,,Deshi Red,2000,2212,2100
Lasalgaon,03/03/2025,166.5,Other,2100,2200,2150
,,,Other,2230,2352,2281
,04/03/2025,217,Other,2230,2320,2280
,,,Other,1951,2200,2100
,05/03/2025,109.6,Other,2001,2201,2120
,,,Other,2230,2327,2261
,06/03/2025,145.5,Other,2230,2300,2265
,,,Other,2000,2200,2100
,07/03/2025,133.5,Other,2041,2200,2150
,,,Other,2230,2306,2260
,10/03/2025,175,Other,2230,2280,2266
,,,Other,1901,2100,2050
,11/03/2025,185.5,Other,2152,2220,2180
,,,Other,2230,2314,2275
,12/03/2025,159.5,Other,2230,2329,2270
,,,Other,2151,2200,2180
,17/03/2025,172.1,Other,2230,2268,2251
,,,Other,2100,2200,2150
,18/03/2025,188.5,Other,2230,2320,2280
,,,Other,2000,2200,2140
,20/03/2025,161.5,Other,2230,2296,2273
,,,Other,1951,2200,2150
,21/03/2025,146,Other,2230,2311,2265
,,,Other,2065,2200,2150
,24/03/2025,180,Other,2230,2290,2270
,,,Other,2151,2220,2180
,25/03/2025,149.5,Other,2100,2200,2150
,,,Other,2230,2371,2270
,26/03/2025,123.5,Other,2230,2310,2270
,,,Other,2140,2200,2170
,27/03/2025,132,Other,2095,2200,2150
,,,Other,2230,2276,2240
Lasalgaon(Niphad),01/03/2025,15.8,Other,1990,1990,1990
,,,Other,2226,2352,2281
,03/03/2025,39,Other,2051,2051,2051
,,,Other,2226,2360,2311
,04/03/2025,22.5,Other,2145,2145,2145
,,,Other,2226,2357,2275
,05/03/2025,17.5,Other,2055,2055,2055
,,,Other,2226,2320,2300
,06/03/2025,21.5,Other,2226,2348,2287
,,,Other,2161,2161,2161
,07/03/2025,18.5,Other,2165,2165,2165
,,,Other,2226,2352,2325
,08/03/2025,20.5,Other,2141,2141,2141
,,,Other,2226,2340,2300
,10/03/2025,26.3,Other,2226,2350,2290
,,,Other,2100,2100,2100
,11/03/2025,10.2,Other,2226,2300,2290
,,,Other,2000,2000,2000
,12/03/2025,8,Other,2226,2330,2270
,,,Other,2150,2150,2150
,13/03/2025,17.5,Other,2150,2150,2150
,,,Other,2226,2329,2300
,14/03/2025,4.7,Other,2226,2310,2226
,,,Other,2197,2197,2197
,15/03/2025,6.6,Other,2051,2051,2051
,,,Other,2226,2335,2290
,17/03/2025,38.1,Other,2240,2358,2290
,18/03/2025,8.7,Other,2230,2500,2311
,19/03/2025,20,Other,2271,2339,2311
,20/03/2025,13.5,Other,2125,2125,2125
,,,Other,2226,2327,2311
,21/03/2025,10,Other,2226,2336,2282
,,,Other,2171,2171,2171
,22/03/2025,12.5,Other,2100,2100,2100
,,,Other,2226,2369,2311
,24/03/2025,32.5,Other,2226,2340,2315
,,,Other,2161,2161,2161
,25/03/2025,26.5,Other,2255,2324,2300
,26/03/2025,7.4,Other,2180,2180,2180
,,,Other,2226,2321,2308
,27/03/2025,34.4,Other,2226,2316,2280
,,,Other,2077,2077,2077
Lasalgaon(Vinchur),03/03/2025,106.5,Other,2225,2320,2250
,,,Other,2100,2224,2175
,04/03/2025,132,Other,2100,2224,2211
,,,Other,2225,2317,2250
,05/03/2025,85.5,Other,2225,2321,2275
,,,Other,2000,2224,2100
,06/03/2025,122.5,Other,2100,2224,2200
,,,Other,2225,2325,2250
,07/03/2025,100.5,Other,2000,2224,2131
,,,Other,2225,2326,2250
,10/03/2025,106.5,Other,2021,2224,2200
,,,Other,2225,2311,2250
,11/03/2025,82.9,Other,2225,2314,2275
,,,Other,2000,2224,2000
,12/03/2025,81,Other,2225,2326,2275
,,,Other,2025,2224,2201
,17/03/2025,126,Other,2000,2224,2200
,,,Other,2225,2290,2225
,18/03/2025,70.5,Other,2000,2224,2200
,,,Other,2225,2275,2225
,19/03/2025,42,Other,2000,2224,2200
,,,Other,2225,2254,2225
,20/03/2025,61.5,Other,2000,2224,2200
,,,Other,2225,2254,2225
,21/03/2025,81,Other,2000,2224,2200
,,,Other,2225,2263,2225
,25/03/2025,106.5,Other,2225,2262,2225
,,,Other,2000,2224,2200
,26/03/2025,81,Other,2225,2258,2225
,,,Other,2000,2224,2200
,27/03/2025,79.1,Other,1971,2224,2220
,,,Other,2225,2260,2225
Lasur Station,07/03/2025,12.8,Other,1850,2050,1900
,08/03/2025,6.6,Other,1919,2100,2050
,19/03/2025,6.6,Other,1997,2150,2050
,20/03/2025,3.1,Other,2065,2150,2100
,24/03/2025,6,Other,2040,2070,2050
,26/03/2025,10.2,Other,1740,2100,2000
Majalgaon,03/03/2025,1.5,Other,1851,1851,1851
,18/03/2025,1.4,Other,1981,1981,1981
,19/03/2025,2.7,Other,2050,2050,2050
Malegaon,01/03/2025,255,Yellow,2225,2330,2251
,03/03/2025,183,Yellow,2225,2350,2250
,,,Yellow,2089,2220,2190
,05/03/2025,154.3,Yellow,2270,2362,2275
,06/03/2025,124.3,Yellow,2230,2349,2272
,,,Yellow,2081,2222,2191
,08/03/2025,217.5,Yellow,2230,2350,2280
,11/03/2025,167.5,Yellow,2230,2346,2290
,15/03/2025,67.5,Yellow,2230,2355,2280
,17/03/2025,63,Yellow,2230,2302,2266
,18/03/2025,120,Yellow,2235,2294,2240
,22/03/2025,199,Yellow,2230,2294,2271
,25/03/2025,190,Yellow,2225,2300,2250
,26/03/2025,162.5,Yellow,2225,2305,2240
,27/03/2025,125,Yellow,2225,2315,2255
Malkapur,01/03/2025,28,Yellow,1775,2095,1950
,03/03/2025,28,Yellow,1700,2205,2020
,04/03/2025,45,Yellow,1990,2105,2050
,05/03/2025,84,Yellow,2000,2205,2035
,06/03/2025,29.2,Yellow,1800,2140,2075
,07/03/2025,24,Yellow,1865,2215,2115
,08/03/2025,36,Yellow,1930,2211,2115
,10/03/2025,54,Yellow,1935,2075,2015
,11/03/2025,38,Yellow,1810,2080,2005
,12/03/2025,38,Yellow,2050,2195,2105
,15/03/2025,28,Yellow,2005,2150,2070
,17/03/2025,46,Yellow,1940,2195,2070
,18/03/2025,31,Yellow,1900,2175,2055
,19/03/2025,37.5,Yellow,1985,2220,2090
,20/03/2025,36.5,Yellow,1750,2130,1975
,21/03/2025,34.5,Yellow,1900,2151,2000
,22/03/2025,19,Yellow,1800,2170,2075
,24/03/2025,26.3,Yellow,1900,2125,2005
,25/03/2025,26.8,Yellow,1880,2150,2100
,26/03/2025,41.6,Yellow,1885,2200,2100
Manmad,01/03/2025,15.6,Other,2225,2268,2240
,,,Other,1951,2220,2190
,03/03/2025,45,Other,2100,2220,2190
,,,Other,2230,2250,2240
,04/03/2025,27.8,Other,2075,2224,2200
,05/03/2025,39.4,Other,2225,2244,2235
,,,Other,2170,2224,2180
,06/03/2025,48.1,Other,2225,2263,2240
,,,Other,2165,2222,2190
,07/03/2025,59,Other,2225,2258,2245
,,,Other,2200,2222,2210
,08/03/2025,15.5,Other,2155,2224,2198
,,,Other,2225,2238,2232
,10/03/2025,38.8,Other,2160,2224,2220
,,,Other,2225,2267,2250
,11/03/2025,52.7,Other,2173,2223,2210
,,,Other,2225,2266,2250
,12/03/2025,46.6,Other,2225,2238,2230
,,,Other,2188,2224,2210
,17/03/2025,20,Other,2120,2222,2205
,,,Other,2225,2241,2230
,18/03/2025,20.3,Other,2098,2224,2220
,19/03/2025,12.6,Other,2225,2245,2235
,,,Other,2089,2220,2190
,20/03/2025,76,Other,2148,2220,2200
,21/03/2025,28.7,Other,2070,2224,2200
Mohol,10/03/2025,3.9,Deshi Red,2000,2200,2000
,12/03/2025,3,Deshi Red,2100,2200,2150
,19/03/2025,3,Deshi Red,2000,2200,2000
Morshi,03/03/2025,10.1,Other,1800,2000,1900
,10/03/2025,10,Other,1950,2100,2025
Mumbai,01/03/2025,62.1,Other,2800,3900,3500
,03/03/2025,22.8,Other,2800,3900,3500
,04/03/2025,25.9,Other,2800,3900,3500
,05/03/2025,61.1,Other,2800,3900,3500
,07/03/2025,7.5,Other,2800,3900,3500
,08/03/2025,1.5,Other,2800,9300,3500
,10/03/2025,37,Other,2800,9300,3500
,11/03/2025,49.1,Other,2800,3900,3500
,12/03/2025,4.9,Other,2800,3900,3500
,13/03/2025,46,Other,2800,3900,3500
,15/03/2025,5.4,Other,2800,3900,3500
,17/03/2025,9.9,Other,2800,3900,3500
,18/03/2025,47.9,Other,2800,3900,3500
,19/03/2025,5.9,Other,2800,3900,3500
,20/03/2025,20.8,Other,2800,3900,3500
,21/03/2025,57.7,Other,2800,3900,3500
,24/03/2025,42.6,Other,2800,3900,3500
,25/03/2025,37.8,Other,2800,3900,3500
,26/03/2025,5.7,Other,2800,3900,3500
,27/03/2025,15.7,Other,2800,3900,3500
Murum,13/03/2025,0.2,Other,2202,2202,2202
,25/03/2025,0.2,Other,2201,2201,2201
Nagpur,04/03/2025,0.9,Other,2000,2200,2150
,08/03/2025,2.1,Other,2225,2500,2425
,13/03/2025,0.7,Other,2225,2500,2425
,18/03/2025,1.5,Other,2226,2400,2356
,24/03/2025,0.3,Other,2226,2400,2350
,27/03/2025,0.3,Other,2226,2400,2356
Nampur,03/03/2025,57.1,Other,1900,2220,2066
,04/03/2025,16.7,Other,2231,2258,2250
,05/03/2025,8.6,Other,1125,2201,1663
,06/03/2025,5,Other,2230,2280,2250
,07/03/2025,17.9,Other,1825,2220,2200
Nandgaon,01/03/2025,42.1,Yellow,1999,2224,2200
,03/03/2025,238.7,Yellow,2225,2300,2250
,04/03/2025,202,Yellow,2225,2286,2250
,05/03/2025,121.4,Yellow,2225,2303,2250
,06/03/2025,210.3,Yellow,2225,2304,2250
,07/03/2025,189.8,Yellow,1900,2224,2150
,10/03/2025,481.8,Yellow,2225,2294,2250
,11/03/2025,163.7,Yellow,2225,2286,2250
,12/03/2025,114,Yellow,2226,2308,2250
,15/03/2025,57.7,Yellow,2225,2291,2250
,17/03/2025,257.5,Yellow,2225,2297,2250
,18/03/2025,186.3,Yellow,1600,2224,2150
,19/03/2025,118.7,Yellow,2225,2283,2250
,20/03/2025,203,Yellow,1825,2224,2150
,21/03/2025,212.5,Yellow,1755,2224,2150
,24/03/2025,238.4,Yellow,2225,2285,2250
,25/03/2025,162.5,Yellow,2225,2278,2250
,26/03/2025,189.4,Yellow,2225,2276,2250
Nandura,22/03/2025,17,Other,1890,2175,2175
,24/03/2025,5.1,Other,1800,2125,2125
,25/03/2025,1,Other,2050,2050,2050
,26/03/2025,5.5,Other,1921,2150,2150
Nandurbar,03/03/2025,17.4,Deshi Red,1700,2216,1950
,,,Deshi White,3616,3616,3616
,04/03/2025,38.4,Deshi Red,1700,2200,1950
,,,Deshi White,2800,3616,3200
,06/03/2025,18.2,Deshi Red,1871,2176,2000
,10/03/2025,148.2,Deshi Red,1642,2220,1940
,,,Deshi White,3300,3625,3400
,11/03/2025,38.7,Deshi Red,1786,2220,2000
,,,Deshi White,3585,3790,3690
,12/03/2025,38,Deshi Red,1750,2150,1920
,19/03/2025,62.1,Deshi Red,1863,2220,2050
,,,Deshi White,3150,3250,3200
,20/03/2025,92.3,Deshi Red,1675,2220,1950
,,,Deshi White,3000,3200,3100
,21/03/2025,145,Deshi Red,1779,2200,2000
,,,Deshi White,3086,3086,3086
,24/03/2025,151.8,Deshi Red,1617,2220,1950
,,,Deshi White,3217,3315,3250
,25/03/2025,123.1,Deshi Red,1542,2214,1977
,,,Deshi White,3248,3275,3266
Om Chaitanya Multistate Agro Purpose CoOp Society,01/03/2025,0.89,Other,2300,2300,2300
,02/03/2025,0.09,Other,2200,2200,2200
,05/03/2025,4.73,Other,2200,2311,2300
,07/03/2025,0.37,Other,200,2200,2000
,08/03/2025,2.62,Other,2100,2200,2100
,09/03/2025,0.18,Other,2050,2100,2050
,14/03/2025,0.39,Other,2300,2300,2300
,15/03/2025,0.31,Other,2100,2250,2100
,16/03/2025,0.11,Other,2200,2200,2200
,18/03/2025,1.71,Other,1600,2250,2200
,21/03/2025,1.7,Other,2150,2250,2200
,22/03/2025,1.38,Other,2100,2250,2100
,23/03/2025,0.05,Other,2000,2000,2000
,24/03/2025,0.82,Other,2225,2225,2225
,25/03/2025,0.07,Other,2200,2200,2200
,26/03/2025,0.02,Other,1700,1700,1700
Pachora,01/03/2025,9,Other,1750,1990,1851
,03/03/2025,6,Other,1600,2000,1800
,04/03/2025,5,Other,1900,1980,1931
,05/03/2025,20,Other,1920,2050,2011
,06/03/2025,3,Other,1971,1971,1971
,10/03/2025,100,Other,1800,2172,1951
,11/03/2025,15,Other,1850,2140,1951
,12/03/2025,30,Other,1800,2100,1951
,15/03/2025,25,Other,1825,1993,1911
,17/03/2025,50,Other,1700,2045,1851
,18/03/2025,60,Other,1745,2150,1911
,19/03/2025,30,Other,1750,2171,1911
,20/03/2025,30,Other,1750,2067,1851
,21/03/2025,100,Other,1500,2149,1800
,22/03/2025,17.5,Other,1700,2000,1851
,24/03/2025,150,Other,1600,2150,1811
,25/03/2025,100,Other,1650,2050,1811
,26/03/2025,120,Other,1650,2200,1821
Pachora(Bhadgaon),20/03/2025,4.4,Other,1750,2067,1911
,21/03/2025,5.8,Other,1500,2149,1800
,22/03/2025,5.2,Other,1700,2000,1900
,24/03/2025,26.1,Other,1600,2150,1900
,25/03/2025,20.8,Other,1650,2050,1851
,26/03/2025,3.5,Other,1650,2200,1851
Paithan,12/03/2025,0.4,Yellow,1850,1850,1850
Paranda,12/03/2025,0.1,Other,2050,2050,2050
,22/03/2025,0.3,Other,2150,2150,2150
,25/03/2025,0.2,Other,2300,2300,2300
Parola,07/03/2025,15,Yellow,2200,2200,2200
Pune,01/03/2025,0.4,Deshi Red,2500,2700,2600
,03/03/2025,0.3,Deshi Red,2500,2600,2550
,04/03/2025,0.4,Deshi Red,2500,2700,2600
,05/03/2025,0.3,Deshi Red,2400,2700,2550
,06/03/2025,0.2,Deshi Red,2400,2600,2500
,07/03/2025,0.3,Deshi Red,2500,2700,2600
,08/03/2025,0.2,Deshi Red,2400,2700,2550
,10/03/2025,0.3,Deshi Red,2400,2600,2500
,11/03/2025,0.2,Deshi Red,2500,2700,2600
,12/03/2025,0.3,Deshi Red,2600,2700,2650
,13/03/2025,0.3,Deshi Red,2500,2700,2600
,14/03/2025,0.4,Deshi Red,2400,2600,2500
,15/03/2025,0.2,Deshi Red,2400,2700,2550
,17/03/2025,0.3,Deshi Red,2400,2600,2500
,18/03/2025,0.4,Deshi Red,2300,2700,2500
,19/03/2025,0.2,Deshi Red,2400,2600,2500
,20/03/2025,0.3,Deshi Red,2500,2700,2600
,21/03/2025,0.2,Deshi Red,2500,2700,2600
,22/03/2025,0.4,Deshi Red,2400,2600,2500
,24/03/2025,0.4,Deshi Red,2300,2600,2450
,25/03/2025,0.2,Deshi Red,2300,2700,2500
,26/03/2025,0.3,Deshi Red,2300,2500,2400
,27/03/2025,0.4,Deshi Red,2400,2700,2550
Rahata,06/03/2025,0.5,Other,2305,2305,2305
,07/03/2025,0.5,Other,2340,2340,2340
,08/03/2025,0.9,Other,2451,2451,2451
,10/03/2025,0.1,Other,2200,2200,2200
,11/03/2025,4.4,Other,2281,2290,2285
,25/03/2025,0.6,Other,2151,2151,2151
Rahuri,13/03/2025,0.6,Deshi White,2250,2250,2250
,21/03/2025,2.8,Deshi White,2200,2200,2200
,24/03/2025,0.6,Deshi White,2200,2200,2200
Rahuri(Vambori),05/03/2025,0.2,Other,1930,1930,1930
,08/03/2025,0.3,Other,2000,2000,2000
,25/03/2025,0.1,Other,2652,2652,2652
,26/03/2025,0.3,Other,2100,2100,2100
Raver,01/03/2025,0.6,Yellow,2000,2000,2000
,05/03/2025,0.1,Yellow,1790,1790,1790
Sangli,06/03/2025,40,Other,2350,2450,2400
,07/03/2025,40,Other,2350,2450,2400
,08/03/2025,20,Other,2300,2400,2350
,11/03/2025,45,Other,2350,2450,2400
,13/03/2025,15,Other,2350,2450,2400
,18/03/2025,40,Other,2350,2450,2400
,22/03/2025,45,Other,2350,2450,2400
,25/03/2025,25,Other,2350,2450,2400
,26/03/2025,18.8,Other,2350,2450,2400
Satana,03/03/2025,109,Other,2100,2100,2100
,,,Other,2230,2267,2244
,04/03/2025,80,Other,2239,2345,2291
,05/03/2025,104,Other,2240,2361,2315
,10/03/2025,91,Other,2150,2150,2150
,,,Other,2240,2347,2329
,11/03/2025,54,Other,2290,2345,2325
,21/03/2025,23,Other,2280,2313,2300
,,,Other,1850,1850,1850
,24/03/2025,38.5,Other,2250,2306,2287
,,,Other,2000,2000,2000
,25/03/2025,29,Other,2256,2301,2280
,26/03/2025,10.5,Other,2260,2315,2300
,27/03/2025,2.5,Other,2000,2000,2000
Savner,01/03/2025,0.2,Other,2125,2125,2125
,04/03/2025,3.5,Other,2050,2190,2190
,05/03/2025,1.7,Other,2150,2150,2150
,06/03/2025,2,Other,2050,2050,2050
,07/03/2025,1.5,Other,2125,2125,2125
,10/03/2025,4.5,Other,2130,2130,2130
,19/03/2025,5,Other,2150,2150,2150
,22/03/2025,3.5,Other,2025,2125,2125
,24/03/2025,0.9,Other,2125,2125,2125
Shahada,10/03/2025,3.8,Deshi Red,1850,1850,1850
,11/03/2025,0.7,Deshi Red,2131,2131,2131
,17/03/2025,5.1,Deshi Red,2191,2199,2191
,20/03/2025,3.5,Deshi Red,2026,2121,2100
,21/03/2025,7.4,Deshi Red,1926,2181,1940
,24/03/2025,5.1,Deshi Red,1910,2121,1940
Shegaon,26/03/2025,0.2,Other,2050,2050,2050
Shevgaon,09/03/2025,0.6,Yellow,2000,2000,2000
,17/03/2025,0.3,Yellow,1800,1800,1800
Shirpur,06/03/2025,5.5,Yellow,1950,1950,1950
,07/03/2025,3.3,Yellow,2000,2051,2025
,08/03/2025,0.2,Yellow,2000,2000,2000
,10/03/2025,19,Yellow,1750,2016,1926
,17/03/2025,8.5,Yellow,1900,2200,2050
,18/03/2025,23,Yellow,1716,2215,1950
,21/03/2025,2.3,Yellow,2140,2140,2140
,25/03/2025,26,Yellow,1900,2151,2145
,26/03/2025,0.5,Yellow,1851,2095,2095
Shirur,04/03/2025,1.6,Other,2100,2150,2150
,17/03/2025,0.2,Other,1200,2000,2000
Shivsiddha Govind Producer Company Limited Sanchal,01/03/2025,46.66,Other,2200,2305,2276
,03/03/2025,80.38,Other,2200,2319,2280
,04/03/2025,61.92,Other,2200,2301,2258
,05/03/2025,38,Other,2200,2301,2258
,06/03/2025,10.66,Other,2208,2322,2280
,08/03/2025,14.95,Other,2200,2310,2260
,10/03/2025,10.67,Other,2230,2270,2261
,11/03/2025,17.24,Other,2200,2283,2250
,12/03/2025,2.67,Other,2250,2286,2286
,15/03/2025,7.96,Other,2150,2242,2220
,17/03/2025,4.9,Other,2225,2225,2225
,20/03/2025,7.66,Other,2231,2241,2231
Shrigonda,24/03/2025,4.4,Other,2300,2500,2400
Shrirampur,08/03/2025,0.4,Other,2000,2100,2050
,18/03/2025,0.3,Other,1500,1575,1550
,24/03/2025,0.2,Other,1900,2000,1950
Sillod,02/03/2025,24.5,Yellow,2100,2200,2150
,03/03/2025,15.6,Yellow,2100,2200,2150
,04/03/2025,16,Yellow,2100,2200,2150
,05/03/2025,19,Yellow,2100,2220,2150
,06/03/2025,15.6,Yellow,2100,2200,2150
,07/03/2025,16.8,Yellow,2100,2200,2150
,09/03/2025,12.2,Yellow,2100,2200,2150
,10/03/2025,14.6,Yellow,2100,2200,2150
,11/03/2025,12,Yellow,2100,2220,2150
,12/03/2025,24.5,Yellow,2100,2170,2150
,13/03/2025,11.5,Yellow,2100,2150,2150
,16/03/2025,14.5,Yellow,2100,2150,2150
,17/03/2025,9.8,Yellow,2100,2160,2150
,18/03/2025,10.5,Yellow,2050,2200,2150
,19/03/2025,9.6,Yellow,2000,2150,2150
,20/03/2025,8.6,Yellow,2000,2200,2100
,21/03/2025,14.6,Yellow,2000,2150,2150
,23/03/2025,15.7,Yellow,2000,2150,2100
,24/03/2025,16.9,Yellow,2000,2150,2100
,25/03/2025,15.6,Yellow,2100,2150,2150
,26/03/2025,14.6,Yellow,2050,2150,2100
,27/03/2025,18.6,Yellow,2050,2150,2100
Sillod(Bharadi),01/03/2025,5,Yellow,2175,2175,2175
,08/03/2025,5,Yellow,2150,2150,2150
,15/03/2025,10,Yellow,2150,2150,2150
,22/03/2025,5,Yellow,2150,2150,2150
Sindkhed Raja,01/03/2025,25,Yellow,1700,2200,1800
,03/03/2025,12.5,Yellow,1700,2200,1900
,04/03/2025,20,Yellow,1700,2200,2000
,06/03/2025,27,Yellow,1700,2200,2000
,07/03/2025,20,Yellow,1700,2200,2000
,25/03/2025,28.5,Yellow,1700,2200,2000
Sinner,11/03/2025,9.7,Other,2250,2400,2350
Solapur,06/03/2025,1.7,Deshi Red,2200,2200,2200
,17/03/2025,0.5,Deshi Red,2000,2125,2125
,18/03/2025,0.5,Deshi Red,2255,2255,2255
,20/03/2025,2,Deshi Red,2195,2195,2195
,25/03/2025,1.2,Deshi Red,2250,2250,2250
Taloda,17/03/2025,9.1,Deshi Red,1800,2025,1900
Tasgaon,04/03/2025,2.4,Other,2235,2300,2280
,05/03/2025,2.2,Other,2240,2300,2270
,11/03/2025,2.5,Other,2235,2300,2270
,12/03/2025,2.5,Other,2240,2300,2280
,18/03/2025,2.3,Other,2235,2300,2280
,19/03/2025,2.1,Other,2235,2300,2280
,21/03/2025,2.5,Other,2235,2300,2270
,25/03/2025,2.3,Other,2230,2300,2270
,26/03/2025,2.4,Other,2230,2300,2280
Tuljapur,04/03/2025,4.5,Other,2250,2351,2300
Umarga,05/03/2025,0.1,Yellow,2201,2201,2201
Vaduj,01/03/2025,3,Deshi Red,2350,2450,2400
,08/03/2025,3,Deshi Red,2350,2450,2400
,15/03/2025,3,Deshi Red,2350,2450,2400
,22/03/2025,5,Deshi Red,2350,2450,2400
Vaijpur,18/03/2025,36,Yellow,2050,2224,2170
Yawal,04/03/2025,12,Yellow,1550,2030,1790
,05/03/2025,2,Yellow,1560,2040,1790
,06/03/2025,13.4,Yellow,1560,2040,1840
,07/03/2025,52.9,Yellow,1560,2040,1830
,08/03/2025,32.1,Yellow,1560,2030,1810
,12/03/2025,21.9,Yellow,1560,2040,1850
,13/03/2025,22.4,Yellow,1560,2040,1850
,15/03/2025,6.1,Yellow,1570,2025,1850
,17/03/2025,16.8,Yellow,1550,2025,1710
,20/03/2025,51.5,Yellow,1550,2025,1710
,22/03/2025,48.4,Yellow,1550,2025,1710
,23/03/2025,48.9,Yellow,1550,2025,1710
,24/03/2025,24.5,Yellow,1560,2035,1720
Yeola,01/03/2025,185.8,Yellow,2230,2311,2231
,03/03/2025,217.3,Yellow,2227,2322,2250
,05/03/2025,191.4,Yellow,2230,2300,2240
,06/03/2025,150.4,Yellow,2225,2270,2230
,,,Yellow,2031,2200,2180
,07/03/2025,113.9,Yellow,2230,2277,2235
,08/03/2025,100.5,Yellow,2225,2302,2231
,10/03/2025,314.2,Yellow,2231,2285,2240
,12/03/2025,116,Yellow,2225,2282,2230
,15/03/2025,61.9,Yellow,2124,2219,2181
,17/03/2025,164.4,Yellow,2050,2221,2175
,20/03/2025,144.7,Yellow,2225,2257,2240
,,,Yellow,2050,2224,2191
,21/03/2025,95.3,Yellow,2075,2216,2200
,22/03/2025,123.3,Yellow,2072,2201,2190
,,,Yellow,2240,2261,2250
,24/03/2025,215.7,Yellow,2225,2263,2235
,,,Yellow,2020,2221,2200
